platform,company_name,job_title,domain_category,skills_required,location,stipend,duration_months,posted_date,intern_type,cleaned_stipend
Internshala,No Company Found,No Title Found,Not specified,Not provided,Not specified,"₹ 6,000 - 6,001 /month",3 Months,2025-05-10,Paid,6000.5
Internshala,No Company Found,No Title Found,Not specified,Not provided,Not specified,"₹ 7,500 - 11,000 /month",6 Months,2025-05-10,Paid,9250.0
Internshala,No Company Found,No Title Found,Not specified,Not provided,Not specified,"₹ 12,000 - 20,000 /month",6 Months,2025-05-10,Paid,16000.0
Internshala,No Company Found,No Title Found,Not specified,Not provided,Not specified,"₹ 11,000 - 15,000 /month",6 Months,2025-05-10,Paid,13000.0
Internshala,No Company Found,No Title Found,Not specified,Not provided,Not specified,"₹ 5,000 - 11,000 /month",6 Months,2025-05-10,Paid,8000.0
Internshala,No Company Found,No Title Found,Not specified,Not provided,Not specified,"₹ 6,000 - 8,000 /month",6 Months,2025-05-10,Paid,7000.0
Internshala,No Company Found,No Title Found,Not specified,Not provided,Not specified,"₹ 7,000 - 10,000 /month",6 Months,2025-05-10,Paid,8500.0
Internshala,No Company Found,No Title Found,Not specified,Not provided,Not specified,"₹ 8,000 - 10,000 /month",6 Months,2025-05-10,Paid,9000.0
Internshala,No Company Found,No Title Found,Not specified,Not provided,Not specified,"₹ 10,000 - 12,000 /month",24 Months,2025-05-10,Paid,11000.0
Internshala,No Company Found,No Title Found,Not specified,Not provided,Not specified,"₹ 6,000 - 9,000 /month",4 Months,2025-05-10,Paid,7500.0
Internshala,No Company Found,No Title Found,Not specified,Not provided,Not specified,Unpaid,Not specified,2025-05-10,Unpaid,0.0
Internshala,No Company Found,No Title Found,Not specified,Not provided,Not specified,"₹ 10,000 - 20,000 /month",3 Months,2025-05-10,Paid,15000.0
Internshala,No Company Found,No Title Found,Not specified,Not provided,Not specified,"₹ 2,000 - 4,000 /month",1 Month,2025-05-10,Paid,3000.0
Internshala,No Company Found,No Title Found,Not specified,Not provided,Not specified,"₹ 17,000 - 25,000 /month",12 Months,2025-05-10,Paid,21000.0
Internshala,No Company Found,No Title Found,Not specified,Not provided,Not specified,"₹ 5,000 - 7,000 /month",3 Months,2025-05-10,Paid,6000.0
Internshala,No Company Found,No Title Found,Not specified,Not provided,Not specified,"₹ 12,000 /month",6 Months,2025-05-10,Paid,12000.0
Internshala,No Company Found,No Title Found,Not specified,Not provided,Not specified,"₹ 18,000 - 20,000 /month",6 Months,2025-05-10,Paid,19000.0
Internshala,No Company Found,No Title Found,Not specified,Not provided,Not specified,"₹ 12,000 - 15,000 /month",3 Months,2025-05-10,Paid,13500.0
Internshala,No Company Found,No Title Found,Not specified,Not provided,Not specified,"₹ 6,000 - 10,000 /month",2 Months,2025-05-10,Paid,8000.0
Internshala,No Company Found,No Title Found,Not specified,Not provided,Not specified,"₹ 8,000 - 15,000 /month",3 Months,2025-05-10,Paid,11500.0
Internshala,No Company Found,No Title Found,Not specified,Not provided,Not specified,Unpaid,1 Month,2025-05-10,Unpaid,0.0
Internshala,No Company Found,No Title Found,Not specified,Not provided,Not specified,Unpaid,1 Month,2025-05-10,Unpaid,0.0
Internshala,No Company Found,No Title Found,Not specified,Not provided,Not specified,"₹ 2,000 - 5,000 /month",1 Month,2025-05-10,Paid,3500.0
Internshala,No Company Found,No Title Found,Not specified,Not provided,Not specified,"₹ 8,000 - 10,000 /month",3 Months,2025-05-10,Paid,9000.0
Internshala,No Company Found,No Title Found,Not specified,Not provided,Not specified,Unpaid,1 Month,2025-05-10,Unpaid,0.0
Internshala,No Company Found,No Title Found,Not specified,Not provided,Not specified,"₹ 7,000 /month",2 Months,2025-05-10,Paid,7000.0
Internshala,No Company Found,No Title Found,Not specified,Not provided,Not specified,"₹ 25,000 /month",6 Months,2025-05-10,Paid,25000.0
Internshala,No Company Found,No Title Found,Not specified,Not provided,Not specified,Unpaid,1 Month,2025-05-10,Unpaid,0.0
Internshala,No Company Found,No Title Found,Not specified,Not provided,Not specified,"₹ 1,000 - 2,000 /month","₹ 1,000 - 2,000 /month",2025-05-10,Paid,1500.0
Internshala,No Company Found,No Title Found,Not specified,Not provided,Not specified,"₹ 1,000 - 2,000 /week",Not specified,2025-05-10,Paid,1000.0
Internshala,No Company Found,No Title Found,Not specified,Not provided,Not specified,Unpaid,1 Month,2025-05-10,Unpaid,0.0
Internshala,No Company Found,No Title Found,Not specified,Not provided,Not specified,Unpaid,Not specified,2025-05-10,Unpaid,0.0
Internshala,No Company Found,No Title Found,Not specified,Not provided,Not specified,"₹ 15,000 /month",6 Months,2025-05-10,Paid,15000.0
Internshala,No Company Found,No Title Found,Not specified,Not provided,Not specified,Unpaid,Not specified,2025-05-10,Unpaid,0.0
Internshala,No Company Found,No Title Found,Not specified,Not provided,Not specified,Unpaid,1 Month,2025-05-10,Unpaid,0.0
Internshala,No Company Found,No Title Found,Not specified,Not provided,Not specified,"₹ 5,000 - 10,000 /month",3 Months,2025-05-10,Paid,7500.0
Internshala,No Company Found,No Title Found,Not specified,Not provided,Not specified,"₹ 15,000 /month",6 Months,2025-05-10,Paid,15000.0
Internshala,No Company Found,No Title Found,Not specified,Not provided,Not specified,"₹ 1,000 - 2,000 /week",Not specified,2025-05-10,Paid,1000.0
Internshala,No Company Found,No Title Found,Not specified,Not provided,Not specified,"₹ 8,000 - 10,000 /month",6 Months,2025-05-10,Paid,9000.0
Internshala,No Company Found,No Title Found,Not specified,Not provided,Not specified,"₹ 2,000 - 5,000 /month",3 Months,2025-05-10,Paid,3500.0
Internshala,No Company Found,No Title Found,Not specified,Not provided,Not specified,"₹ 8,000 - 10,000 /month",3 Months,2025-05-10,Paid,9000.0
Internshala,No Company Found,No Title Found,Not specified,Not provided,Not specified,"₹ 10,000 - 13,000 /month",24 Months,2025-05-10,Paid,11500.0
Internshala,No Company Found,No Title Found,Not specified,Not provided,Not specified,"₹ 15,000 - 25,000 /month",6 Months,2025-05-10,Paid,20000.0
Internshala,No Company Found,No Title Found,Not specified,Not provided,Not specified,"₹ 15,000 - 20,000 /month",6 Months,2025-05-10,Paid,17500.0
Internshala,No Company Found,No Title Found,Not specified,Not provided,Not specified,"₹ 10,000 - 12,000 /month",6 Months,2025-05-10,Paid,11000.0
Internshala,No Company Found,No Title Found,Not specified,Not provided,Not specified,"₹ 2,000 - 5,000 /month",3 Months,2025-05-10,Paid,3500.0
Internshala,No Company Found,No Title Found,Not specified,Not provided,Not specified,"₹ 10,000 /month",3 Months,2025-05-10,Paid,10000.0
Internshala,No Company Found,No Title Found,Not specified,Not provided,Not specified,"₹ 2,000 - 5,000 /month",1 Month,2025-05-10,Paid,3500.0
Internshala,No Company Found,No Title Found,Not specified,Not provided,Not specified,"₹ 15,000 /month",6 Months,2025-05-10,Paid,15000.0
Internshala,No Company Found,No Title Found,Not specified,Not provided,Not specified,"₹ 10,000 - 15,000 /month",4 Months,2025-05-10,Paid,12500.0
Internshala,No Company Found,No Title Found,Not specified,Not provided,Not specified,"₹ 2,000 - 8,000 /month",3 Months,2025-05-10,Paid,5000.0
LinkedIn,Aditya Birla Fashion and Retail Ltd.,Legal Intern,Not specified,Not provided,"Delhi, India",Not specified,Not specified,2025-04-11,Not specified,0.0
LinkedIn,Schbang,Social Media Marketing Intern,Not specified,Not provided,"Mumbai, Maharashtra, India",Not specified,Not specified,2025-04-22,Not specified,0.0
LinkedIn,SLB,Early Careers - Information Technology Internships,Not specified,Not provided,"Magrahat-II, West Bengal, India",Not specified,Not specified,2025-04-30,Not specified,0.0
LinkedIn,Schbang,Creative Intern,Not specified,Not provided,"Mumbai, Maharashtra, India",Not specified,Not specified,2025-04-23,Not specified,0.0
LinkedIn,PW (PhysicsWallah),Marketing Trainee,Not specified,Not provided,"Noida, Uttar Pradesh, India",Not specified,Not specified,2025-04-14,Not specified,0.0
LinkedIn,Hindustan Wellness,Human Resources (HR) Internship in Gurgaon,Not specified,Not provided,"Gurgaon, Haryana, India",Not specified,Not specified,2025-05-04,Not specified,0.0
LinkedIn,Cosmofeed,Human Resources (HR) Internship in Gurgaon,Not specified,Not provided,"Gurgaon, Haryana, India",Not specified,Not specified,2025-05-09,Not specified,0.0
LinkedIn,Paisabazaar,Human Resources (HR) Internship in Gurgaon,Not specified,Not provided,"Gurgaon, Haryana, India",Not specified,Not specified,2025-04-24,Not specified,0.0
LinkedIn,WedMeGood: India's Favourite Wedding Planning Platform,Marketing Internship in Gurgaon (Hybrid),Not specified,Not provided,"Gurgaon, Haryana, India",Not specified,Not specified,2025-04-25,Not specified,0.0
LinkedIn,Tower Research Capital,Machine Learning Intern 2025,Not specified,Not provided,"Gurgaon, Haryana, India",Not specified,Not specified,2025-04-23,Not specified,0.0
LinkedIn,Unacademy,Social Media Intern,Not specified,Not provided,"Pune, Maharashtra, India",Not specified,Not specified,2025-05-09,Not specified,0.0
LinkedIn,Wakefit,Human Resources (HR) Internship in Gurgaon,Not specified,Not provided,"Gurgaon, Haryana, India",Not specified,Not specified,2025-04-16,Not specified,0.0
LinkedIn,AdEngage,Full Stack Developer (Intern),Not specified,Not provided,"Navi Mumbai, Maharashtra, India",Not specified,Not specified,2025-04-04,Not specified,0.0
LinkedIn,Paisabazaar,"Human Resources (HR) Internship in Chennai, Mumbai",Not specified,Not provided,Mumbai Metropolitan Region,Not specified,Not specified,2025-04-26,Not specified,0.0
LinkedIn,Yardstick,Human Resources (HR) Internship in Bangalore,Not specified,Not provided,"Bengaluru, Karnataka, India",Not specified,Not specified,2025-04-13,Not specified,0.0
LinkedIn,Capco,Human Resources Intern,Not specified,Not provided,"Bengaluru, Karnataka, India",Not specified,Not specified,2025-05-05,Not specified,0.0
LinkedIn,Unacademy,Human Resources Intern,Not specified,Not provided,"Bengaluru, Karnataka, India",Not specified,Not specified,2025-05-08,Not specified,0.0
LinkedIn,CNN Foods,Sales And Marketing Intern,Not specified,Not provided,"New Delhi, Delhi, India",Not specified,Not specified,2025-04-25,Not specified,0.0
LinkedIn,Healthysure,Marketing Internship in Mumbai,Not specified,Not provided,Mumbai Metropolitan Region,Not specified,Not specified,2025-05-09,Not specified,0.0
LinkedIn,Rockit,Finance Intern,Not specified,Not provided,"Gurugram, Haryana, India",Not specified,Not specified,2025-05-01,Not specified,0.0
LinkedIn,V-Mart Retail Ltd.,"Human Resources (HR) Internship in Gurgaon, Delhi",Not specified,Not provided,"Gurgaon, Haryana, India",Not specified,Not specified,2025-04-14,Not specified,0.0
LinkedIn,Deutsche Bank,BITS Internship OPS evergreen req,Not specified,Not provided,"Bengaluru, Karnataka, India",Not specified,Not specified,2025-01-11,Not specified,0.0
LinkedIn,Openhouse,BTL Marketing Internship in Bangalore,Not specified,Not provided,"Bengaluru, Karnataka, India",Not specified,Not specified,2025-04-13,Not specified,0.0
LinkedIn,V-Mart Retail Ltd.,"Human Resources (HR) Internship in Gurgaon, Delhi",Not specified,Not provided,"Delhi, India",Not specified,Not specified,2025-04-14,Not specified,0.0
LinkedIn,Leap,Human Resources (HR) Internship in Bangalore,Not specified,Not provided,"Bengaluru, Karnataka, India",Not specified,Not specified,2025-05-09,Not specified,0.0
LinkedIn,Infinx,Finance Interns,Not specified,Not provided,"Mumbai, Maharashtra, India",Not specified,Not specified,2024-11-05,Not specified,0.0
LinkedIn,Aviation Indeed™️,Human Resources (HR) Internship in Gurgaon,Not specified,Not provided,"Gurgaon, Haryana, India",Not specified,Not specified,2025-05-10,Not specified,0.0
LinkedIn,Airlearn,Product Management Intern,Not specified,Not provided,"Bengaluru, Karnataka, India",Not specified,Not specified,2025-04-11,Not specified,0.0
LinkedIn,RECRIVIO,Program Management Intern,Not specified,Not provided,"Bangalore Urban, Karnataka, India",Not specified,Not specified,2025-04-14,Not specified,0.0
LinkedIn,Justdial,Human Resources (HR) Internship in Hyderabad,Not specified,Not provided,"Hyderabad, Telangana, India",Not specified,Not specified,2025-04-29,Not specified,0.0
LinkedIn,Reliance Retail,HR Intern - Vision Express Bangalore,Not specified,Not provided,"Bengaluru, Karnataka, India",Not specified,Not specified,2025-05-07,Not specified,0.0
LinkedIn,HGS Interactive,Human Resources Intern,Not specified,Not provided,"Mumbai, Maharashtra, India",Not specified,Not specified,2025-04-23,Not specified,0.0
LinkedIn,Future AGI,Machine Learning Intern,Not specified,Not provided,"Bengaluru, Karnataka, India",Not specified,Not specified,2025-04-30,Not specified,0.0
LinkedIn,Softcell Technologies Global Pvt. Ltd.,Marketing Intern,Not specified,Not provided,"Pune, Maharashtra, India",Not specified,Not specified,2025-01-04,Not specified,0.0
LinkedIn,Boost,Marketing Intern,Not specified,Not provided,"Vasant Vihar, Delhi, India",Not specified,Not specified,2025-04-30,Not specified,0.0
LinkedIn,PayU,Marketing Intern,Not specified,Not provided,"Mumbai, Maharashtra, India",Not specified,Not specified,2025-04-29,Not specified,0.0
LinkedIn,Testbook,Marketing Research Intern,Not specified,Not provided,"Noida, Uttar Pradesh, India",Not specified,Not specified,2025-02-16,Not specified,0.0
LinkedIn,TheCorporate,IT Recruiter,Not specified,Not provided,India,Not specified,Not specified,2025-05-07,Not specified,0.0
LinkedIn,Kulfi Collective,Intern - Social Media,Not specified,Not provided,Mumbai Metropolitan Region,Not specified,Not specified,2025-04-30,Not specified,0.0
LinkedIn,PATH,Intern- Strategy & Business Development,Not specified,Not provided,Greater Delhi Area,Not specified,Not specified,2025-04-09,Not specified,0.0
LinkedIn,PATH,Intern- Strategy & Business Development,Not specified,Not provided,Greater Delhi Area,Not specified,Not specified,2025-04-09,Not specified,0.0
LinkedIn,Rethinking The Future,Editorial Intern,Not specified,Not provided,"Delhi, Delhi, India",Not specified,Not specified,2025-04-04,Not specified,0.0
LinkedIn,FabHotels,Human Resources (HR) Internship in Gurgaon,Not specified,Not provided,"Gurgaon, Haryana, India",Not specified,Not specified,2025-05-02,Not specified,0.0
LinkedIn,Delhivery,Business Development Intern,Not specified,Not provided,"Mumbai, Maharashtra, India",Not specified,Not specified,2025-05-08,Not specified,0.0
LinkedIn,Practo,"Human Resources (HR) Internship in Bangalore, Bangalore",Not specified,Not provided,"Bengaluru, Karnataka, India",Not specified,Not specified,2025-04-26,Not specified,0.0
LinkedIn,Moglix,Human Resources (HR) Internship in Noida,Not specified,Not provided,"Noida, Uttar Pradesh, India",Not specified,Not specified,2025-05-09,Not specified,0.0
LinkedIn,Bynry Inc.,Product Management Interns,Not specified,Not provided,"Pune, Maharashtra, India",Not specified,Not specified,2025-02-18,Not specified,0.0
LinkedIn,OnGrid,Accounting Internship in Gurgaon,Not specified,Not provided,"Gurgaon, Haryana, India",Not specified,Not specified,2025-05-07,Not specified,0.0
LinkedIn,Balancehero India,Human Resources Intern,Not specified,Not provided,"Gurugram, Haryana, India",Not specified,Not specified,2025-04-15,Not specified,0.0
LinkedIn,Astrotalk,Human Resources (HR) Internship in Noida,Not specified,Not provided,"Noida, Uttar Pradesh, India",Not specified,Not specified,2025-05-09,Not specified,0.0
LinkedIn,CaRPM,Automotive Research Analyst Internship in Gurgaon,Not specified,Not provided,"Gurgaon, Haryana, India",Not specified,Not specified,2025-04-22,Not specified,0.0
LinkedIn,KMG Legal,"Law/Legal Internship in Delhi, Noida",Not specified,Not provided,"Delhi, India",Not specified,Not specified,2025-04-04,Not specified,0.0
LinkedIn,AdmitKard,Human Resources Intern,Not specified,Not provided,"Noida, Uttar Pradesh, India",Not specified,Not specified,2025-05-07,Not specified,0.0
LinkedIn,Sberbank India,Assistant Client Relations Manager,Not specified,Not provided,"Delhi, Delhi, India",Not specified,Not specified,2025-02-10,Not specified,0.0
LinkedIn,Incentius,Human Resources (HR) Internship in Pune,Not specified,Not provided,"Pune, Maharashtra, India",Not specified,Not specified,2025-04-18,Not specified,0.0
LinkedIn,BeepHire.ai,"Human Resources (HR) Internship in Chennai, Delhi, Pune, Hyderabad, Mumbai, Bangalore",Not specified,Not provided,"Delhi, India",Not specified,Not specified,2025-05-10,Not specified,0.0
LinkedIn,KMG Legal,"Law/Legal Internship in Delhi, Noida",Not specified,Not provided,"Noida, Uttar Pradesh, India",Not specified,Not specified,2025-04-04,Not specified,0.0
LinkedIn,Condé Nast Technology Lab,Social Media Marketing Intern,Not specified,Not provided,"Mumbai, Maharashtra, India",Not specified,Not specified,2025-04-17,Not specified,0.0
LinkedIn,Mittal Teas,"Marketing Internship in Gurgaon, Delhi (Hybrid)",Not specified,Not provided,"Gurgaon, Haryana, India",Not specified,Not specified,2025-05-07,Not specified,0.0
LinkedIn,Citykart,Human Resources (HR) Internship in Gurgaon,Not specified,Not provided,"Gurgaon, Haryana, India",Not specified,Not specified,2025-05-07,Not specified,0.0
LinkedIn,Aditya Birla Fashion and Retail Ltd.,Legal Intern,Not specified,Not provided,"Delhi, India",Not specified,Not specified,2025-04-11,Not specified,0.0
LinkedIn,Schbang,Social Media Marketing Intern,Not specified,Not provided,"Mumbai, Maharashtra, India",Not specified,Not specified,2025-04-22,Not specified,0.0
LinkedIn,SLB,Early Careers - Information Technology Internships,Not specified,Not provided,"Magrahat-II, West Bengal, India",Not specified,Not specified,2025-04-30,Not specified,0.0
LinkedIn,Schbang,Creative Intern,Not specified,Not provided,"Mumbai, Maharashtra, India",Not specified,Not specified,2025-04-23,Not specified,0.0
LinkedIn,PW (PhysicsWallah),Marketing Trainee,Not specified,Not provided,"Noida, Uttar Pradesh, India",Not specified,Not specified,2025-04-14,Not specified,0.0
LinkedIn,Hindustan Wellness,Human Resources (HR) Internship in Gurgaon,Not specified,Not provided,"Gurgaon, Haryana, India",Not specified,Not specified,2025-05-04,Not specified,0.0
LinkedIn,Cosmofeed,Human Resources (HR) Internship in Gurgaon,Not specified,Not provided,"Gurgaon, Haryana, India",Not specified,Not specified,2025-05-09,Not specified,0.0
LinkedIn,Paisabazaar,Human Resources (HR) Internship in Gurgaon,Not specified,Not provided,"Gurgaon, Haryana, India",Not specified,Not specified,2025-04-24,Not specified,0.0
LinkedIn,WedMeGood: India's Favourite Wedding Planning Platform,Marketing Internship in Gurgaon (Hybrid),Not specified,Not provided,"Gurgaon, Haryana, India",Not specified,Not specified,2025-04-25,Not specified,0.0
LinkedIn,Tower Research Capital,Machine Learning Intern 2025,Not specified,Not provided,"Gurgaon, Haryana, India",Not specified,Not specified,2025-04-23,Not specified,0.0
LinkedIn,Unacademy,Social Media Intern,Not specified,Not provided,"Pune, Maharashtra, India",Not specified,Not specified,2025-05-09,Not specified,0.0
LinkedIn,Wakefit,Human Resources (HR) Internship in Gurgaon,Not specified,Not provided,"Gurgaon, Haryana, India",Not specified,Not specified,2025-04-16,Not specified,0.0
LinkedIn,AdEngage,Full Stack Developer (Intern),Not specified,Not provided,"Navi Mumbai, Maharashtra, India",Not specified,Not specified,2025-04-04,Not specified,0.0
LinkedIn,Paisabazaar,"Human Resources (HR) Internship in Chennai, Mumbai",Not specified,Not provided,Mumbai Metropolitan Region,Not specified,Not specified,2025-04-26,Not specified,0.0
LinkedIn,Yardstick,Human Resources (HR) Internship in Bangalore,Not specified,Not provided,"Bengaluru, Karnataka, India",Not specified,Not specified,2025-04-13,Not specified,0.0
LinkedIn,Capco,Human Resources Intern,Not specified,Not provided,"Bengaluru, Karnataka, India",Not specified,Not specified,2025-05-05,Not specified,0.0
LinkedIn,Unacademy,Human Resources Intern,Not specified,Not provided,"Bengaluru, Karnataka, India",Not specified,Not specified,2025-05-08,Not specified,0.0
LinkedIn,CNN Foods,Sales And Marketing Intern,Not specified,Not provided,"New Delhi, Delhi, India",Not specified,Not specified,2025-04-25,Not specified,0.0
LinkedIn,Healthysure,Marketing Internship in Mumbai,Not specified,Not provided,Mumbai Metropolitan Region,Not specified,Not specified,2025-05-09,Not specified,0.0
LinkedIn,Rockit,Finance Intern,Not specified,Not provided,"Gurugram, Haryana, India",Not specified,Not specified,2025-05-01,Not specified,0.0
LinkedIn,V-Mart Retail Ltd.,"Human Resources (HR) Internship in Gurgaon, Delhi",Not specified,Not provided,"Gurgaon, Haryana, India",Not specified,Not specified,2025-04-14,Not specified,0.0
LinkedIn,Deutsche Bank,BITS Internship OPS evergreen req,Not specified,Not provided,"Bengaluru, Karnataka, India",Not specified,Not specified,2025-01-11,Not specified,0.0
LinkedIn,Openhouse,BTL Marketing Internship in Bangalore,Not specified,Not provided,"Bengaluru, Karnataka, India",Not specified,Not specified,2025-04-13,Not specified,0.0
LinkedIn,V-Mart Retail Ltd.,"Human Resources (HR) Internship in Gurgaon, Delhi",Not specified,Not provided,"Delhi, India",Not specified,Not specified,2025-04-14,Not specified,0.0
LinkedIn,Leap,Human Resources (HR) Internship in Bangalore,Not specified,Not provided,"Bengaluru, Karnataka, India",Not specified,Not specified,2025-05-09,Not specified,0.0
LinkedIn,Infinx,Finance Interns,Not specified,Not provided,"Mumbai, Maharashtra, India",Not specified,Not specified,2024-11-05,Not specified,0.0
LinkedIn,Aviation Indeed™️,Human Resources (HR) Internship in Gurgaon,Not specified,Not provided,"Gurgaon, Haryana, India",Not specified,Not specified,2025-05-10,Not specified,0.0
LinkedIn,Airlearn,Product Management Intern,Not specified,Not provided,"Bengaluru, Karnataka, India",Not specified,Not specified,2025-04-11,Not specified,0.0
LinkedIn,RECRIVIO,Program Management Intern,Not specified,Not provided,"Bangalore Urban, Karnataka, India",Not specified,Not specified,2025-04-14,Not specified,0.0
LinkedIn,Justdial,Human Resources (HR) Internship in Hyderabad,Not specified,Not provided,"Hyderabad, Telangana, India",Not specified,Not specified,2025-04-29,Not specified,0.0
LinkedIn,Reliance Retail,HR Intern - Vision Express Bangalore,Not specified,Not provided,"Bengaluru, Karnataka, India",Not specified,Not specified,2025-05-07,Not specified,0.0
LinkedIn,HGS Interactive,Human Resources Intern,Not specified,Not provided,"Mumbai, Maharashtra, India",Not specified,Not specified,2025-04-23,Not specified,0.0
LinkedIn,Future AGI,Machine Learning Intern,Not specified,Not provided,"Bengaluru, Karnataka, India",Not specified,Not specified,2025-04-30,Not specified,0.0
LinkedIn,Softcell Technologies Global Pvt. Ltd.,Marketing Intern,Not specified,Not provided,"Pune, Maharashtra, India",Not specified,Not specified,2025-01-04,Not specified,0.0
LinkedIn,Boost,Marketing Intern,Not specified,Not provided,"Vasant Vihar, Delhi, India",Not specified,Not specified,2025-04-30,Not specified,0.0
LinkedIn,PayU,Marketing Intern,Not specified,Not provided,"Mumbai, Maharashtra, India",Not specified,Not specified,2025-04-29,Not specified,0.0
LinkedIn,Testbook,Marketing Research Intern,Not specified,Not provided,"Noida, Uttar Pradesh, India",Not specified,Not specified,2025-02-16,Not specified,0.0
LinkedIn,TheCorporate,IT Recruiter,Not specified,Not provided,India,Not specified,Not specified,2025-05-07,Not specified,0.0
LinkedIn,Kulfi Collective,Intern - Social Media,Not specified,Not provided,Mumbai Metropolitan Region,Not specified,Not specified,2025-04-30,Not specified,0.0
LinkedIn,PATH,Intern- Strategy & Business Development,Not specified,Not provided,Greater Delhi Area,Not specified,Not specified,2025-04-09,Not specified,0.0
LinkedIn,PATH,Intern- Strategy & Business Development,Not specified,Not provided,Greater Delhi Area,Not specified,Not specified,2025-04-09,Not specified,0.0
LinkedIn,Rethinking The Future,Editorial Intern,Not specified,Not provided,"Delhi, Delhi, India",Not specified,Not specified,2025-04-04,Not specified,0.0
LinkedIn,FabHotels,Human Resources (HR) Internship in Gurgaon,Not specified,Not provided,"Gurgaon, Haryana, India",Not specified,Not specified,2025-05-02,Not specified,0.0
LinkedIn,Delhivery,Business Development Intern,Not specified,Not provided,"Mumbai, Maharashtra, India",Not specified,Not specified,2025-05-08,Not specified,0.0
LinkedIn,Practo,"Human Resources (HR) Internship in Bangalore, Bangalore",Not specified,Not provided,"Bengaluru, Karnataka, India",Not specified,Not specified,2025-04-26,Not specified,0.0
LinkedIn,Moglix,Human Resources (HR) Internship in Noida,Not specified,Not provided,"Noida, Uttar Pradesh, India",Not specified,Not specified,2025-05-09,Not specified,0.0
LinkedIn,Bynry Inc.,Product Management Interns,Not specified,Not provided,"Pune, Maharashtra, India",Not specified,Not specified,2025-02-18,Not specified,0.0
LinkedIn,OnGrid,Accounting Internship in Gurgaon,Not specified,Not provided,"Gurgaon, Haryana, India",Not specified,Not specified,2025-05-07,Not specified,0.0
LinkedIn,Balancehero India,Human Resources Intern,Not specified,Not provided,"Gurugram, Haryana, India",Not specified,Not specified,2025-04-15,Not specified,0.0
LinkedIn,Astrotalk,Human Resources (HR) Internship in Noida,Not specified,Not provided,"Noida, Uttar Pradesh, India",Not specified,Not specified,2025-05-09,Not specified,0.0
LinkedIn,CaRPM,Automotive Research Analyst Internship in Gurgaon,Not specified,Not provided,"Gurgaon, Haryana, India",Not specified,Not specified,2025-04-22,Not specified,0.0
LinkedIn,KMG Legal,"Law/Legal Internship in Delhi, Noida",Not specified,Not provided,"Delhi, India",Not specified,Not specified,2025-04-04,Not specified,0.0
LinkedIn,AdmitKard,Human Resources Intern,Not specified,Not provided,"Noida, Uttar Pradesh, India",Not specified,Not specified,2025-05-07,Not specified,0.0
LinkedIn,Sberbank India,Assistant Client Relations Manager,Not specified,Not provided,"Delhi, Delhi, India",Not specified,Not specified,2025-02-10,Not specified,0.0
LinkedIn,Incentius,Human Resources (HR) Internship in Pune,Not specified,Not provided,"Pune, Maharashtra, India",Not specified,Not specified,2025-04-18,Not specified,0.0
LinkedIn,BeepHire.ai,"Human Resources (HR) Internship in Chennai, Delhi, Pune, Hyderabad, Mumbai, Bangalore",Not specified,Not provided,"Delhi, India",Not specified,Not specified,2025-05-10,Not specified,0.0
LinkedIn,KMG Legal,"Law/Legal Internship in Delhi, Noida",Not specified,Not provided,"Noida, Uttar Pradesh, India",Not specified,Not specified,2025-04-04,Not specified,0.0
LinkedIn,Condé Nast Technology Lab,Social Media Marketing Intern,Not specified,Not provided,"Mumbai, Maharashtra, India",Not specified,Not specified,2025-04-17,Not specified,0.0
LinkedIn,Mittal Teas,"Marketing Internship in Gurgaon, Delhi (Hybrid)",Not specified,Not provided,"Gurgaon, Haryana, India",Not specified,Not specified,2025-05-07,Not specified,0.0
LinkedIn,Citykart,Human Resources (HR) Internship in Gurgaon,Not specified,Not provided,"Gurgaon, Haryana, India",Not specified,Not specified,2025-05-07,Not specified,0.0
LinkedIn,Aditya Birla Fashion and Retail Ltd.,Legal Intern,Not specified,Not provided,"Delhi, India",Not specified,Not specified,2025-04-11,Not specified,0.0
LinkedIn,Schbang,Social Media Marketing Intern,Not specified,Not provided,"Mumbai, Maharashtra, India",Not specified,Not specified,2025-04-22,Not specified,0.0
LinkedIn,SLB,Early Careers - Information Technology Internships,Not specified,Not provided,"Magrahat-II, West Bengal, India",Not specified,Not specified,2025-04-30,Not specified,0.0
LinkedIn,Schbang,Creative Intern,Not specified,Not provided,"Mumbai, Maharashtra, India",Not specified,Not specified,2025-04-23,Not specified,0.0
LinkedIn,PW (PhysicsWallah),Marketing Trainee,Not specified,Not provided,"Noida, Uttar Pradesh, India",Not specified,Not specified,2025-04-14,Not specified,0.0
LinkedIn,Hindustan Wellness,Human Resources (HR) Internship in Gurgaon,Not specified,Not provided,"Gurgaon, Haryana, India",Not specified,Not specified,2025-05-04,Not specified,0.0
LinkedIn,Cosmofeed,Human Resources (HR) Internship in Gurgaon,Not specified,Not provided,"Gurgaon, Haryana, India",Not specified,Not specified,2025-05-09,Not specified,0.0
LinkedIn,Paisabazaar,Human Resources (HR) Internship in Gurgaon,Not specified,Not provided,"Gurgaon, Haryana, India",Not specified,Not specified,2025-04-24,Not specified,0.0
LinkedIn,WedMeGood: India's Favourite Wedding Planning Platform,Marketing Internship in Gurgaon (Hybrid),Not specified,Not provided,"Gurgaon, Haryana, India",Not specified,Not specified,2025-04-25,Not specified,0.0
LinkedIn,Tower Research Capital,Machine Learning Intern 2025,Not specified,Not provided,"Gurgaon, Haryana, India",Not specified,Not specified,2025-04-23,Not specified,0.0
LinkedIn,Wakefit,Human Resources (HR) Internship in Gurgaon,Not specified,Not provided,"Gurgaon, Haryana, India",Not specified,Not specified,2025-04-16,Not specified,0.0
LinkedIn,AdEngage,Full Stack Developer (Intern),Not specified,Not provided,"Navi Mumbai, Maharashtra, India",Not specified,Not specified,2025-04-04,Not specified,0.0
LinkedIn,Paisabazaar,"Human Resources (HR) Internship in Chennai, Mumbai",Not specified,Not provided,Mumbai Metropolitan Region,Not specified,Not specified,2025-04-26,Not specified,0.0
LinkedIn,Yardstick,Human Resources (HR) Internship in Bangalore,Not specified,Not provided,"Bengaluru, Karnataka, India",Not specified,Not specified,2025-04-13,Not specified,0.0
LinkedIn,Capco,Human Resources Intern,Not specified,Not provided,"Bengaluru, Karnataka, India",Not specified,Not specified,2025-05-05,Not specified,0.0
LinkedIn,Unacademy,Human Resources Intern,Not specified,Not provided,"Bengaluru, Karnataka, India",Not specified,Not specified,2025-05-08,Not specified,0.0
LinkedIn,CNN Foods,Sales And Marketing Intern,Not specified,Not provided,"New Delhi, Delhi, India",Not specified,Not specified,2025-04-25,Not specified,0.0
LinkedIn,Healthysure,Marketing Internship in Mumbai,Not specified,Not provided,Mumbai Metropolitan Region,Not specified,Not specified,2025-05-09,Not specified,0.0
LinkedIn,Rockit,Finance Intern,Not specified,Not provided,"Gurugram, Haryana, India",Not specified,Not specified,2025-05-01,Not specified,0.0
LinkedIn,V-Mart Retail Ltd.,"Human Resources (HR) Internship in Gurgaon, Delhi",Not specified,Not provided,"Gurgaon, Haryana, India",Not specified,Not specified,2025-04-14,Not specified,0.0
LinkedIn,Deutsche Bank,BITS Internship OPS evergreen req,Not specified,Not provided,"Bengaluru, Karnataka, India",Not specified,Not specified,2025-01-11,Not specified,0.0
LinkedIn,Openhouse,BTL Marketing Internship in Bangalore,Not specified,Not provided,"Bengaluru, Karnataka, India",Not specified,Not specified,2025-04-13,Not specified,0.0
LinkedIn,V-Mart Retail Ltd.,"Human Resources (HR) Internship in Gurgaon, Delhi",Not specified,Not provided,"Delhi, India",Not specified,Not specified,2025-04-14,Not specified,0.0
LinkedIn,Infinx,Finance Interns,Not specified,Not provided,"Mumbai, Maharashtra, India",Not specified,Not specified,2024-11-05,Not specified,0.0
LinkedIn,Leap,Human Resources (HR) Internship in Bangalore,Not specified,Not provided,"Bengaluru, Karnataka, India",Not specified,Not specified,2025-05-09,Not specified,0.0
LinkedIn,Airlearn,Product Management Intern,Not specified,Not provided,"Bengaluru, Karnataka, India",Not specified,Not specified,2025-04-11,Not specified,0.0
LinkedIn,RECRIVIO,Program Management Intern,Not specified,Not provided,"Bangalore Urban, Karnataka, India",Not specified,Not specified,2025-04-14,Not specified,0.0
LinkedIn,Justdial,Human Resources (HR) Internship in Hyderabad,Not specified,Not provided,"Hyderabad, Telangana, India",Not specified,Not specified,2025-04-29,Not specified,0.0
LinkedIn,Reliance Retail,HR Intern - Vision Express Bangalore,Not specified,Not provided,"Bengaluru, Karnataka, India",Not specified,Not specified,2025-05-07,Not specified,0.0
LinkedIn,HGS Interactive,Human Resources Intern,Not specified,Not provided,"Mumbai, Maharashtra, India",Not specified,Not specified,2025-04-23,Not specified,0.0
LinkedIn,Future AGI,Machine Learning Intern,Not specified,Not provided,"Bengaluru, Karnataka, India",Not specified,Not specified,2025-04-30,Not specified,0.0
LinkedIn,Delhivery,Business Development Intern,Not specified,Not provided,"Mumbai, Maharashtra, India",Not specified,Not specified,2025-05-08,Not specified,0.0
LinkedIn,Softcell Technologies Global Pvt. Ltd.,Marketing Intern,Not specified,Not provided,"Pune, Maharashtra, India",Not specified,Not specified,2025-01-04,Not specified,0.0
LinkedIn,Boost,Marketing Intern,Not specified,Not provided,"Vasant Vihar, Delhi, India",Not specified,Not specified,2025-04-30,Not specified,0.0
LinkedIn,PayU,Marketing Intern,Not specified,Not provided,"Mumbai, Maharashtra, India",Not specified,Not specified,2025-04-29,Not specified,0.0
LinkedIn,Testbook,Marketing Research Intern,Not specified,Not provided,"Noida, Uttar Pradesh, India",Not specified,Not specified,2025-02-16,Not specified,0.0
LinkedIn,TheCorporate,IT Recruiter,Not specified,Not provided,India,Not specified,Not specified,2025-05-07,Not specified,0.0
LinkedIn,Kulfi Collective,Intern - Social Media,Not specified,Not provided,Mumbai Metropolitan Region,Not specified,Not specified,2025-04-30,Not specified,0.0
LinkedIn,PATH,Intern- Strategy & Business Development,Not specified,Not provided,Greater Delhi Area,Not specified,Not specified,2025-04-09,Not specified,0.0
LinkedIn,PATH,Intern- Strategy & Business Development,Not specified,Not provided,Greater Delhi Area,Not specified,Not specified,2025-04-09,Not specified,0.0
LinkedIn,Rethinking The Future,Editorial Intern,Not specified,Not provided,"Delhi, Delhi, India",Not specified,Not specified,2025-04-04,Not specified,0.0
LinkedIn,FabHotels,Human Resources (HR) Internship in Gurgaon,Not specified,Not provided,"Gurgaon, Haryana, India",Not specified,Not specified,2025-05-02,Not specified,0.0
LinkedIn,Practo,"Human Resources (HR) Internship in Bangalore, Bangalore",Not specified,Not provided,"Bengaluru, Karnataka, India",Not specified,Not specified,2025-04-26,Not specified,0.0
LinkedIn,Moglix,Human Resources (HR) Internship in Noida,Not specified,Not provided,"Noida, Uttar Pradesh, India",Not specified,Not specified,2025-05-09,Not specified,0.0
LinkedIn,Bynry Inc.,Product Management Interns,Not specified,Not provided,"Pune, Maharashtra, India",Not specified,Not specified,2025-02-18,Not specified,0.0
LinkedIn,OnGrid,Accounting Internship in Gurgaon,Not specified,Not provided,"Gurgaon, Haryana, India",Not specified,Not specified,2025-05-07,Not specified,0.0
LinkedIn,Balancehero India,Human Resources Intern,Not specified,Not provided,"Gurugram, Haryana, India",Not specified,Not specified,2025-04-15,Not specified,0.0
LinkedIn,Blue Berry e-Services Private Limited,Human Resources (HR) Internship in Noida,Not specified,Not provided,"Noida, Uttar Pradesh, India",Not specified,Not specified,2025-05-07,Not specified,0.0
LinkedIn,Astrotalk,Human Resources (HR) Internship in Noida,Not specified,Not provided,"Noida, Uttar Pradesh, India",Not specified,Not specified,2025-05-09,Not specified,0.0
LinkedIn,CaRPM,Automotive Research Analyst Internship in Gurgaon,Not specified,Not provided,"Gurgaon, Haryana, India",Not specified,Not specified,2025-04-22,Not specified,0.0
LinkedIn,KMG Legal,"Law/Legal Internship in Delhi, Noida",Not specified,Not provided,"Delhi, India",Not specified,Not specified,2025-04-04,Not specified,0.0
LinkedIn,AdmitKard,Human Resources Intern,Not specified,Not provided,"Noida, Uttar Pradesh, India",Not specified,Not specified,2025-05-07,Not specified,0.0
LinkedIn,Sberbank India,Assistant Client Relations Manager,Not specified,Not provided,"Delhi, Delhi, India",Not specified,Not specified,2025-02-10,Not specified,0.0
LinkedIn,Incentius,Human Resources (HR) Internship in Pune,Not specified,Not provided,"Pune, Maharashtra, India",Not specified,Not specified,2025-04-18,Not specified,0.0
LinkedIn,KMG Legal,"Law/Legal Internship in Delhi, Noida",Not specified,Not provided,"Noida, Uttar Pradesh, India",Not specified,Not specified,2025-04-04,Not specified,0.0
LinkedIn,Condé Nast Technology Lab,Social Media Marketing Intern,Not specified,Not provided,"Mumbai, Maharashtra, India",Not specified,Not specified,2025-04-17,Not specified,0.0
LinkedIn,Mittal Teas,"Marketing Internship in Gurgaon, Delhi (Hybrid)",Not specified,Not provided,"Gurgaon, Haryana, India",Not specified,Not specified,2025-05-07,Not specified,0.0
LinkedIn,Citykart,Human Resources (HR) Internship in Gurgaon,Not specified,Not provided,"Gurgaon, Haryana, India",Not specified,Not specified,2025-05-07,Not specified,0.0
LinkedIn,FynTune Solution Private Limited,"Human Resources (HR) Internship in Navi Mumbai, Mumbai",Not specified,Not provided,"Navi Mumbai, Maharashtra, India",Not specified,Not specified,2025-04-24,Not specified,0.0
LinkedIn,Zypp Electric,Content Marketing Intern,Not specified,Not provided,"Gurgaon, Haryana, India",Not specified,Not specified,2025-02-09,Not specified,0.0
LinkedIn,Aditya Birla Fashion and Retail Ltd.,Legal Intern,Not specified,Not provided,"Delhi, India",Not specified,Not specified,2025-04-11,Not specified,0.0
LinkedIn,Schbang,Social Media Marketing Intern,Not specified,Not provided,"Mumbai, Maharashtra, India",Not specified,Not specified,2025-04-22,Not specified,0.0
LinkedIn,SLB,Early Careers - Information Technology Internships,Not specified,Not provided,"Magrahat-II, West Bengal, India",Not specified,Not specified,2025-04-30,Not specified,0.0
LinkedIn,Schbang,Creative Intern,Not specified,Not provided,"Mumbai, Maharashtra, India",Not specified,Not specified,2025-04-23,Not specified,0.0
LinkedIn,PW (PhysicsWallah),Marketing Trainee,Not specified,Not provided,"Noida, Uttar Pradesh, India",Not specified,Not specified,2025-04-14,Not specified,0.0
LinkedIn,Hindustan Wellness,Human Resources (HR) Internship in Gurgaon,Not specified,Not provided,"Gurgaon, Haryana, India",Not specified,Not specified,2025-05-04,Not specified,0.0
LinkedIn,Cosmofeed,Human Resources (HR) Internship in Gurgaon,Not specified,Not provided,"Gurgaon, Haryana, India",Not specified,Not specified,2025-05-09,Not specified,0.0
LinkedIn,Paisabazaar,Human Resources (HR) Internship in Gurgaon,Not specified,Not provided,"Gurgaon, Haryana, India",Not specified,Not specified,2025-04-24,Not specified,0.0
LinkedIn,WedMeGood: India's Favourite Wedding Planning Platform,Marketing Internship in Gurgaon (Hybrid),Not specified,Not provided,"Gurgaon, Haryana, India",Not specified,Not specified,2025-04-25,Not specified,0.0
LinkedIn,Tower Research Capital,Machine Learning Intern 2025,Not specified,Not provided,"Gurgaon, Haryana, India",Not specified,Not specified,2025-04-23,Not specified,0.0
LinkedIn,Wakefit,Human Resources (HR) Internship in Gurgaon,Not specified,Not provided,"Gurgaon, Haryana, India",Not specified,Not specified,2025-04-16,Not specified,0.0
LinkedIn,AdEngage,Full Stack Developer (Intern),Not specified,Not provided,"Navi Mumbai, Maharashtra, India",Not specified,Not specified,2025-04-04,Not specified,0.0
LinkedIn,Paisabazaar,"Human Resources (HR) Internship in Chennai, Mumbai",Not specified,Not provided,Mumbai Metropolitan Region,Not specified,Not specified,2025-04-26,Not specified,0.0
LinkedIn,Yardstick,Human Resources (HR) Internship in Bangalore,Not specified,Not provided,"Bengaluru, Karnataka, India",Not specified,Not specified,2025-04-13,Not specified,0.0
LinkedIn,Capco,Human Resources Intern,Not specified,Not provided,"Bengaluru, Karnataka, India",Not specified,Not specified,2025-05-05,Not specified,0.0
LinkedIn,Unacademy,Human Resources Intern,Not specified,Not provided,"Bengaluru, Karnataka, India",Not specified,Not specified,2025-05-08,Not specified,0.0
LinkedIn,CNN Foods,Sales And Marketing Intern,Not specified,Not provided,"New Delhi, Delhi, India",Not specified,Not specified,2025-04-25,Not specified,0.0
LinkedIn,Healthysure,Marketing Internship in Mumbai,Not specified,Not provided,Mumbai Metropolitan Region,Not specified,Not specified,2025-05-09,Not specified,0.0
LinkedIn,Rockit,Finance Intern,Not specified,Not provided,"Gurugram, Haryana, India",Not specified,Not specified,2025-05-01,Not specified,0.0
LinkedIn,V-Mart Retail Ltd.,"Human Resources (HR) Internship in Gurgaon, Delhi",Not specified,Not provided,"Gurgaon, Haryana, India",Not specified,Not specified,2025-04-14,Not specified,0.0
